[{"model": "auth.permission", "pk": 1, "fields": {"name": "Can add log entry", "content_type": 1, "codename": "add_logentry"}}, {"model": "auth.permission", "pk": 2, "fields": {"name": "Can change log entry", "content_type": 1, "codename": "change_logentry"}}, {"model": "auth.permission", "pk": 3, "fields": {"name": "Can delete log entry", "content_type": 1, "codename": "delete_logentry"}}, {"model": "auth.permission", "pk": 4, "fields": {"name": "Can view log entry", "content_type": 1, "codename": "view_logentry"}}, {"model": "auth.permission", "pk": 5, "fields": {"name": "Can add permission", "content_type": 2, "codename": "add_permission"}}, {"model": "auth.permission", "pk": 6, "fields": {"name": "Can change permission", "content_type": 2, "codename": "change_permission"}}, {"model": "auth.permission", "pk": 7, "fields": {"name": "Can delete permission", "content_type": 2, "codename": "delete_permission"}}, {"model": "auth.permission", "pk": 8, "fields": {"name": "Can view permission", "content_type": 2, "codename": "view_permission"}}, {"model": "auth.permission", "pk": 9, "fields": {"name": "Can add group", "content_type": 3, "codename": "add_group"}}, {"model": "auth.permission", "pk": 10, "fields": {"name": "Can change group", "content_type": 3, "codename": "change_group"}}, {"model": "auth.permission", "pk": 11, "fields": {"name": "Can delete group", "content_type": 3, "codename": "delete_group"}}, {"model": "auth.permission", "pk": 12, "fields": {"name": "Can view group", "content_type": 3, "codename": "view_group"}}, {"model": "auth.permission", "pk": 13, "fields": {"name": "Can add user", "content_type": 4, "codename": "add_user"}}, {"model": "auth.permission", "pk": 14, "fields": {"name": "Can change user", "content_type": 4, "codename": "change_user"}}, {"model": "auth.permission", "pk": 15, "fields": {"name": "Can delete user", "content_type": 4, "codename": "delete_user"}}, {"model": "auth.permission", "pk": 16, "fields": {"name": "Can view user", "content_type": 4, "codename": "view_user"}}, {"model": "auth.permission", "pk": 17, "fields": {"name": "Can add content type", "content_type": 5, "codename": "add_contenttype"}}, {"model": "auth.permission", "pk": 18, "fields": {"name": "Can change content type", "content_type": 5, "codename": "change_contenttype"}}, {"model": "auth.permission", "pk": 19, "fields": {"name": "Can delete content type", "content_type": 5, "codename": "delete_contenttype"}}, {"model": "auth.permission", "pk": 20, "fields": {"name": "Can view content type", "content_type": 5, "codename": "view_contenttype"}}, {"model": "auth.permission", "pk": 21, "fields": {"name": "Can add session", "content_type": 6, "codename": "add_session"}}, {"model": "auth.permission", "pk": 22, "fields": {"name": "Can change session", "content_type": 6, "codename": "change_session"}}, {"model": "auth.permission", "pk": 23, "fields": {"name": "Can delete session", "content_type": 6, "codename": "delete_session"}}, {"model": "auth.permission", "pk": 24, "fields": {"name": "Can view session", "content_type": 6, "codename": "view_session"}}, {"model": "auth.permission", "pk": 25, "fields": {"name": "Can add duty", "content_type": 7, "codename": "add_duty"}}, {"model": "auth.permission", "pk": 26, "fields": {"name": "Can change duty", "content_type": 7, "codename": "change_duty"}}, {"model": "auth.permission", "pk": 27, "fields": {"name": "Can delete duty", "content_type": 7, "codename": "delete_duty"}}, {"model": "auth.permission", "pk": 28, "fields": {"name": "Can view duty", "content_type": 7, "codename": "view_duty"}}, {"model": "auth.permission", "pk": 29, "fields": {"name": "Can add job", "content_type": 8, "codename": "add_job"}}, {"model": "auth.permission", "pk": 30, "fields": {"name": "Can change job", "content_type": 8, "codename": "change_job"}}, {"model": "auth.permission", "pk": 31, "fields": {"name": "Can delete job", "content_type": 8, "codename": "delete_job"}}, {"model": "auth.permission", "pk": 32, "fields": {"name": "Can view job", "content_type": 8, "codename": "view_job"}}, {"model": "auth.permission", "pk": 33, "fields": {"name": "Can add sub duty", "content_type": 9, "codename": "add_subduty"}}, {"model": "auth.permission", "pk": 34, "fields": {"name": "Can change sub duty", "content_type": 9, "codename": "change_subduty"}}, {"model": "auth.permission", "pk": 35, "fields": {"name": "Can delete sub duty", "content_type": 9, "codename": "delete_subduty"}}, {"model": "auth.permission", "pk": 36, "fields": {"name": "Can view sub duty", "content_type": 9, "codename": "view_subduty"}}, {"model": "auth.permission", "pk": 37, "fields": {"name": "Can add technology", "content_type": 10, "codename": "add_technology"}}, {"model": "auth.permission", "pk": 38, "fields": {"name": "Can change technology", "content_type": 10, "codename": "change_technology"}}, {"model": "auth.permission", "pk": 39, "fields": {"name": "Can delete technology", "content_type": 10, "codename": "delete_technology"}}, {"model": "auth.permission", "pk": 40, "fields": {"name": "Can view technology", "content_type": 10, "codename": "view_technology"}}, {"model": "auth.permission", "pk": 41, "fields": {"name": "Can add tech bullet", "content_type": 11, "codename": "add_techbullet"}}, {"model": "auth.permission", "pk": 42, "fields": {"name": "Can change tech bullet", "content_type": 11, "codename": "change_techbullet"}}, {"model": "auth.permission", "pk": 43, "fields": {"name": "Can delete tech bullet", "content_type": 11, "codename": "delete_techbullet"}}, {"model": "auth.permission", "pk": 44, "fields": {"name": "Can view tech bullet", "content_type": 11, "codename": "view_techbullet"}}, {"model": "auth.permission", "pk": 45, "fields": {"name": "Can add link", "content_type": 12, "codename": "add_link"}}, {"model": "auth.permission", "pk": 46, "fields": {"name": "Can change link", "content_type": 12, "codename": "change_link"}}, {"model": "auth.permission", "pk": 47, "fields": {"name": "Can delete link", "content_type": 12, "codename": "delete_link"}}, {"model": "auth.permission", "pk": 48, "fields": {"name": "Can view link", "content_type": 12, "codename": "view_link"}}, {"model": "auth.permission", "pk": 49, "fields": {"name": "Can add certifications", "content_type": 13, "codename": "add_certifications"}}, {"model": "auth.permission", "pk": 50, "fields": {"name": "Can change certifications", "content_type": 13, "codename": "change_certifications"}}, {"model": "auth.permission", "pk": 51, "fields": {"name": "Can delete certifications", "content_type": 13, "codename": "delete_certifications"}}, {"model": "auth.permission", "pk": 52, "fields": {"name": "Can view certifications", "content_type": 13, "codename": "view_certifications"}}, {"model": "contenttypes.contenttype", "pk": 1, "fields": {"app_label": "admin", "model": "logentry"}}, {"model": "contenttypes.contenttype", "pk": 2, "fields": {"app_label": "auth", "model": "permission"}}, {"model": "contenttypes.contenttype", "pk": 3, "fields": {"app_label": "auth", "model": "group"}}, {"model": "contenttypes.contenttype", "pk": 4, "fields": {"app_label": "auth", "model": "user"}}, {"model": "contenttypes.contenttype", "pk": 5, "fields": {"app_label": "contenttypes", "model": "contenttype"}}, {"model": "contenttypes.contenttype", "pk": 6, "fields": {"app_label": "sessions", "model": "session"}}, {"model": "contenttypes.contenttype", "pk": 7, "fields": {"app_label": "resume", "model": "duty"}}, {"model": "contenttypes.contenttype", "pk": 8, "fields": {"app_label": "resume", "model": "job"}}, {"model": "contenttypes.contenttype", "pk": 9, "fields": {"app_label": "resume", "model": "subduty"}}, {"model": "contenttypes.contenttype", "pk": 10, "fields": {"app_label": "resume", "model": "technology"}}, {"model": "contenttypes.contenttype", "pk": 11, "fields": {"app_label": "resume", "model": "techbullet"}}, {"model": "contenttypes.contenttype", "pk": 12, "fields": {"app_label": "resume", "model": "link"}}, {"model": "contenttypes.contenttype", "pk": 13, "fields": {"app_label": "resume", "model": "certifications"}}, {"model": "sessions.session", "pk": "27h90kx7r10glk15qaskqkia0mn7y9o3", "fields": {"session_data": ".eJxVjMEOgkAMRP9lz2azrStlPXrnG0i3LYIaSFg4Gf9dSDjocea9mbdreV36di02t4O6qwN3-u0yy9PGHeiDx_vkZRqXech-V_xBi28mtdftcP8Oei79tpYqWc4YpaopCVCFFgGYziSaAjJE2qKgEqGC1BQCRWEz7TDBpXOfL9RwN5s:1nobRL:5UOAgzpcpGc_20_Y3O39f8Q4ehePK8NZC2Vi-6prCLE", "expire_date": "2022-05-25T01:46:59.883Z"}}, {"model": "sessions.session", "pk": "7esexl3kp9hiaxk1zbgpu5ymfnkbozku", "fields": {"session_data": ".eJxVjMEOgkAMRP9lz2azrStlPXrnG0i3LYIaSFg4Gf9dSDjocea9mbdreV36di02t4O6qwN3-u0yy9PGHeiDx_vkZRqXech-V_xBi28mtdftcP8Oei79tpYqWc4YpaopCVCFFgGYziSaAjJE2qKgEqGC1BQCRWEz7TDBpXOfL9RwN5s:1nnOyU:mJ0AmASzZHUBgwL5ziSO69FWKu7Wjg_L2E6PuZaZrMI", "expire_date": "2022-05-21T18:16:14.466Z"}}, {"model": "sessions.session", "pk": "byovqpwr8uuzgf7pc83mreycoy17b6u7", "fields": {"session_data": ".eJxVjMEOgkAMRP9lz2azrStlPXrnG0i3LYIaSFg4Gf9dSDjocea9mbdreV36di02t4O6qwN3-u0yy9PGHeiDx_vkZRqXech-V_xBi28mtdftcP8Oei79tpYqWc4YpaopCVCFFgGYziSaAjJE2qKgEqGC1BQCRWEz7TDBpXOfL9RwN5s:1nnfuv:X6BdOrlAIVyct5pCSU890REu2HjGcLLl__QLPNcsMAk", "expire_date": "2022-05-22T12:21:41.360Z"}}, {"model": "sessions.session", "pk": "c2qkccgscxgsear7i747w85edehik0vq", "fields": {"session_data": ".eJxVjMEOgkAMRP9lz2azrStlPXrnG0i3LYIaSFg4Gf9dSDjocea9mbdreV36di02t4O6qwN3-u0yy9PGHeiDx_vkZRqXech-V_xBi28mtdftcP8Oei79tpYqWc4YpaopCVCFFgGYziSaAjJE2qKgEqGC1BQCRWEz7TDBpXOfL9RwN5s:1no3Xr:f_ETBwe-jcgx_D3tfKbkgH-qBGZTtkg_wXZy0-AGBE0", "expire_date": "2022-05-23T13:35:27.105Z"}}, {"model": "sessions.session", "pk": "k68m7ghfw9c0kopg2p3pmgcfcunepsqz", "fields": {"session_data": ".eJxVjMEOgkAMRP9lz2azrStlPXrnG0i3LYIaSFg4Gf9dSDjocea9mbdreV36di02t4O6qwN3-u0yy9PGHeiDx_vkZRqXech-V_xBi28mtdftcP8Oei79tpYqWc4YpaopCVCFFgGYziSaAjJE2qKgEqGC1BQCRWEz7TDBpXOfL9RwN5s:1nnPM5:oncZLLEL5wI9I6WlU0yQxjOxUv0V4XMbZXhbsmm6Ogc", "expire_date": "2022-05-21T18:40:37.668Z"}}, {"model": "sessions.session", "pk": "lruztj27xiys6ph2uda0389rrxh32fc1", "fields": {"session_data": ".eJxVjMEOgkAMRP9lz2azrStlPXrnG0i3LYIaSFg4Gf9dSDjocea9mbdreV36di02t4O6qwN3-u0yy9PGHeiDx_vkZRqXech-V_xBi28mtdftcP8Oei79tpYqWc4YpaopCVCFFgGYziSaAjJE2qKgEqGC1BQCRWEz7TDBpXOfL9RwN5s:1nmbKo:kWyy4rH0Znso0SzMFWbhbZ_QonvC8IgZabKNZfuk12s", "expire_date": "2022-05-19T13:15:58.235Z"}}, {"model": "sessions.session", "pk": "q0zqw09qv2zg3hr2wyjg4df7g4iudcpb", "fields": {"session_data": ".eJxVjEEOwiAQRe_C2hBGoIBL9z0DmYFBqoYmpV0Z765NutDtf-_9l4i4rTVunZc4ZXERIE6_G2F6cNtBvmO7zTLNbV0mkrsiD9rlOGd-Xg_376Bir99al6CsO4MrBgatkTUWchacN5i8JzAGISmVLJIJQ7Gh5ASskKxWbEC8P8m2N4w:1nqYwr:E92K9INsr3k8K8RnAjb7zYku5Te13Rkihgo5MOpso1Q", "expire_date": "2022-05-30T11:31:37.576Z"}}, {"model": "resume.job", "pk": 1, "fields": {"title": "Junior Middleware Administrator", "company": "CGI Federal", "start": "2015-02-15", "current": false, "end": "2017-06-30", "slug": "junior-middleware-administrator-cgi-federal-02152015"}}, {"model": "resume.job", "pk": 2, "fields": {"title": "Software Developer Senior", "company": "GDIT", "start": "2017-07-01", "current": true, "end": "2022-05-05", "slug": "software-developer-senior-gdit-07012017"}}, {"model": "resume.duty", "pk": 1, "fields": {"duty": "Middleware Support for U.S. Environmental Protection Agency", "job": 1, "slug": "middleware-support-for-us-environmental-protection-agency-1", "weight": 0}}, {"model": "resume.duty", "pk": 2, "fields": {"duty": "Middleware Support for U.S. Environmental Protection Agency", "job": 2, "slug": "middleware-support-for-us-environmental-protection-agency-2", "weight": 10}}, {"model": "resume.duty", "pk": 3, "fields": {"duty": "Middleware Support for U.S. Federal Trade Commission", "job": 1, "slug": "middleware-support-for-us-federal-trade-commission-1", "weight": 0}}, {"model": "resume.duty", "pk": 4, "fields": {"duty": "Primary AWS and Drupal support for main epa.gov website", "job": 2, "slug": "primary-aws-and-drupal-support-for-main-epagov-website-2", "weight": 9}}, {"model": "resume.duty", "pk": 5, "fields": {"duty": "Automated Linux Middleware patching with Ansible", "job": 2, "slug": "automated-linux-middleware-patching-with-ansible-2", "weight": 8}}, {"model": "resume.duty", "pk": 6, "fields": {"duty": "Created CI/CD pipelines", "job": 2, "slug": "created-cicd-pipelines-2", "weight": 2}}, {"model": "resume.duty", "pk": 7, "fields": {"duty": "Developed Automated Testing suite", "job": 2, "slug": "developed-automated-testing-suite-2", "weight": 0}}, {"model": "resume.subduty", "pk": 1, "fields": {"subduty": "Compiled, deployed, and maintained LAMP stack", "duty": 1, "slug": "1-compiled-deployed-and-maintained-lamp-stack", "weight": 0}}, {"model": "resume.subduty", "pk": 2, "fields": {"subduty": "Compile, deploy, and maintain LAMP stack", "duty": 2, "slug": "2-compiled-deployed-and-maintained-lamp-stack", "weight": 0}}, {"model": "resume.subduty", "pk": 3, "fields": {"subduty": "Compiled, deployed, and maintained LAMP stack", "duty": 3, "slug": "3-compiled-deployed-and-maintained-lamp-stack", "weight": 0}}, {"model": "resume.subduty", "pk": 4, "fields": {"subduty": "Assisted with RHEL5 to RHEL6 migration", "duty": 3, "slug": "3-assisted-with-rhel5-to-rhel6-migration", "weight": 0}}, {"model": "resume.subduty", "pk": 5, "fields": {"subduty": "Wrote Jenkins pipelines to automate deployment of Drupal, Python, and Java/Tomcat applications", "duty": 6, "slug": "6-wrote-jenkins-pipelines-to-automate-deployment-of-drupal-python-and-javatomcat-applications", "weight": 0}}, {"model": "resume.subduty", "pk": 6, "fields": {"subduty": "Created and maintained GitLab pipelines for Drupal and WordPress applications", "duty": 6, "slug": "6-created-and-maintained-gitlab-pipelines-for-drupal-and-wordpress-applications", "weight": 0}}, {"model": "resume.subduty", "pk": 7, "fields": {"subduty": "Created Behave-based framework to allow team members to write their own automated tests", "duty": 7, "slug": "7-created-behave-based-framework-to-allow-team-members-to-write-their-own-automated-tests", "weight": 0}}, {"model": "resume.subduty", "pk": 8, "fields": {"subduty": "Integrated automated testing suite with Jenkins and JIRA", "duty": 7, "slug": "7-integrated-automated-testing-suite-with-jenkins-and-jira", "weight": 0}}, {"model": "resume.subduty", "pk": 9, "fields": {"subduty": "Using automated testing suite, able to save over a hundred person-hours per year on major testing efforts", "duty": 7, "slug": "7-using-automated-testing-suite-able-to-save-over-a-hundred-person-hours-per-year-on-major-testing-efforts", "weight": 0}}, {"model": "resume.subduty", "pk": 10, "fields": {"subduty": "Created CloudFront distribution for www.epa.gov and espanol.epa.gov", "duty": 4, "slug": "4-created-cloudfront-distribution-for-wwwepagov-and-espanolepagov", "weight": 0}}, {"model": "resume.subduty", "pk": 11, "fields": {"subduty": "Developed outage response procedures and trained pager carriers to respond to issues", "duty": 4, "slug": "4-developed-outage-response-procedures-and-trained-pager-carriers-to-respond-to-issues", "weight": 0}}, {"model": "resume.subduty", "pk": 12, "fields": {"subduty": "Able to patch 130 Apache instances in less than two hours, saving nearly thirty-five person-hours over manual patching", "duty": 5, "slug": "5-able-to-patch-130-apache-instances-in-less-than-two-hours-as-opposed-to-thirty-five-person-hours-for-a-manual-effort", "weight": 0}}, {"model": "resume.subduty", "pk": 13, "fields": {"subduty": "Eliminated configuration drift and standards deviation, improving overall team responsiveness to outages", "duty": 5, "slug": "5-eliminated-configuration-drift-and-standards-deviation-improving-overall-team-responsiveness-to-outages", "weight": 0}}, {"model": "resume.subduty", "pk": 14, "fields": {"subduty": "Participated in 24/7 pager rotation", "duty": 1, "slug": "1-participated-in-247-pager-rotation", "weight": 0}}, {"model": "resume.subduty", "pk": 15, "fields": {"subduty": "Participate in 24/7 pager rotation", "duty": 2, "slug": "2-participated-in-247-pager-rotation", "weight": 0}}, {"model": "resume.subduty", "pk": 16, "fields": {"subduty": "Participated in 24/7 pager rotation", "duty": 3, "slug": "3-participated-in-247-pager-rotation", "weight": 0}}, {"model": "resume.subduty", "pk": 17, "fields": {"subduty": "Piloted use of Monit to automate Apache restarts and reduce downtime", "duty": 3, "slug": "3-piloted-use-of-monit-to-automate-apache-restarts-and-reduce-downtime", "weight": 0}}, {"model": "resume.subduty", "pk": 18, "fields": {"subduty": "Trained and mentored new team members", "duty": 1, "slug": "1-trained-and-mentored-new-team-members", "weight": 0}}, {"model": "resume.subduty", "pk": 19, "fields": {"subduty": "Make regular updates to team wiki and confluence spaces", "duty": 2, "slug": "2-make-regular-updates-to-team-wiki-and-confluence-spaces", "weight": 0}}, {"model": "resume.subduty", "pk": 20, "fields": {"subduty": "Made regular updates to team wiki space", "duty": 1, "slug": "1-made-regular-updates-to-team-wiki-space", "weight": 0}}, {"model": "resume.subduty", "pk": 21, "fields": {"subduty": "Train and mentor new team members", "duty": 2, "slug": "2-train-and-mentor-new-team-members", "weight": 0}}, {"model": "resume.subduty", "pk": 22, "fields": {"subduty": "Provide ongoing support for AWS services", "duty": 4, "slug": "4-provide-ongoing-support-for-aws-services", "weight": 0}}, {"model": "resume.subduty", "pk": 23, "fields": {"subduty": "Support Python, Java/Tomcat, Drupal, .NET, Apache, and WordPress applications", "duty": 2, "slug": "2-support-python-javatomcat-drupal-net-apache-and-wordpress-applications", "weight": 0}}, {"model": "resume.subduty", "pk": 24, "fields": {"subduty": "Supported Python, Java/Tomcat, and Drupal applications", "duty": 1, "slug": "1-supported-python-javatomcat-and-drupal-applications", "weight": 0}}, {"model": "resume.subduty", "pk": 25, "fields": {"subduty": "Supported multiple Drupal applications", "duty": 3, "slug": "3-supported-multiple-drupal-applications", "weight": 0}}, {"model": "resume.subduty", "pk": 26, "fields": {"subduty": "Provide ongoing support for GitLab and Jenkins pipelines", "duty": 6, "slug": "6-provide-ongoing-support-for-gitlab-and-jenkins-pipelines", "weight": 0}}, {"model": "resume.subduty", "pk": 27, "fields": {"subduty": "Manage pull requests for Ansible inventory Bitbucket repository", "duty": 2, "slug": "2-manage-pull-requests-for-ansible-inventory-bitbucket-repository", "weight": 0}}, {"model": "resume.subduty", "pk": 28, "fields": {"subduty": "Established new standards for Ansible-managed Middleware", "duty": 5, "slug": "5-established-new-standards-for-ansible-managed-middleware", "weight": 0}}, {"model": "resume.technology", "pk": 1, "fields": {"tech": "Ansible", "slug": "ansible", "weight": 0}}, {"model": "resume.technology", "pk": 2, "fields": {"tech": "AWS", "slug": "aws", "weight": 0}}, {"model": "resume.technology", "pk": 3, "fields": {"tech": "BASH Scripting", "slug": "bash-scripting", "weight": 0}}, {"model": "resume.technology", "pk": 4, "fields": {"tech": "Programming Languages", "slug": "programming-languages", "weight": 0}}, {"model": "resume.technology", "pk": 5, "fields": {"tech": "Databases", "slug": "databases", "weight": 0}}, {"model": "resume.technology", "pk": 6, "fields": {"tech": "Atlassian", "slug": "atlassian", "weight": 0}}, {"model": "resume.technology", "pk": 7, "fields": {"tech": "Automated Testing", "slug": "automated-testing", "weight": 0}}, {"model": "resume.techbullet", "pk": 1, "fields": {"bullet": "Write, test, and maintain playbooks for compiling the LAMP stack", "tech": 1, "slug": "1-write-test-and-maintain-playbooks-for-compiling-the-lamp-stack", "weight": 0}}, {"model": "resume.techbullet", "pk": 2, "fields": {"bullet": "Maintain Bitbucket repository of Ansible inventory", "tech": 1, "slug": "1-maintain-bitbucket-repository-of-ansible-inventory", "weight": 0}}, {"model": "resume.techbullet", "pk": 3, "fields": {"bullet": "Assist team members in adding new servers to Ansible", "tech": 1, "slug": "1-assist-team-members-in-adding-new-servers-to-ansible", "weight": 0}}, {"model": "resume.techbullet", "pk": 4, "fields": {"bullet": "Continuously debug, maintain, and improve playbooks", "tech": 1, "slug": "1-continuously-debug-maintain-and-improve-playbooks", "weight": 0}}, {"model": "resume.techbullet", "pk": 5, "fields": {"bullet": "Configure and maintain CloudFront distribution", "tech": 2, "slug": "2-configure-and-maintain-cloudfront-distribution", "weight": 0}}, {"model": "resume.techbullet", "pk": 6, "fields": {"bullet": "Train other team members to respond to issues in AWS-hosted applications", "tech": 2, "slug": "2-train-other-team-members-to-respond-to-issues-in-aws-hosted-applications", "weight": 0}}, {"model": "resume.techbullet", "pk": 7, "fields": {"bullet": "Recommend solutions to customers based on AWS technologies and best practices", "tech": 2, "slug": "2-recommend-solutions-to-customers-based-on-aws-technologies-and-best-practices", "weight": 1}}, {"model": "resume.techbullet", "pk": 8, "fields": {"bullet": "Write automated backup scripts", "tech": 3, "slug": "3-write-automated-backup-scripts", "weight": 0}}, {"model": "resume.techbullet", "pk": 9, "fields": {"bullet": "Devised and implemented script to automate Apache log review", "tech": 3, "slug": "3-devised-and-implemented-script-to-automate-apache-log-review", "weight": 0}}, {"model": "resume.techbullet", "pk": 10, "fields": {"bullet": "Python", "tech": 4, "slug": "4-python", "weight": 0}}, {"model": "resume.techbullet", "pk": 11, "fields": {"bullet": "BASH", "tech": 4, "slug": "4-bash", "weight": 0}}, {"model": "resume.techbullet", "pk": 12, "fields": {"bullet": "Groovy", "tech": 4, "slug": "4-groovy", "weight": -1}}, {"model": "resume.techbullet", "pk": 13, "fields": {"bullet": "YAML", "tech": 4, "slug": "4-yaml", "weight": 0}}, {"model": "resume.techbullet", "pk": 14, "fields": {"bullet": "MySQL and MariaDB configuration and administration", "tech": 5, "slug": "5-mysql-and-mariadb", "weight": 0}}, {"model": "resume.techbullet", "pk": 15, "fields": {"bullet": "RDS cluster setup and management", "tech": 5, "slug": "5-rds-cluster-setup-and-management", "weight": 0}}, {"model": "resume.techbullet", "pk": 16, "fields": {"bullet": "Jira", "tech": 6, "slug": "6-jira", "weight": 0}}, {"model": "resume.techbullet", "pk": 17, "fields": {"bullet": "Confluence", "tech": 6, "slug": "6-confluence", "weight": 0}}, {"model": "resume.techbullet", "pk": 18, "fields": {"bullet": "Bitbucket", "tech": 6, "slug": "6-bitbucket", "weight": 0}}, {"model": "resume.techbullet", "pk": 19, "fields": {"bullet": "HTML/CSS", "tech": 4, "slug": "4-htmlcss", "weight": -2}}, {"model": "resume.techbullet", "pk": 20, "fields": {"bullet": "Behave", "tech": 7, "slug": "7-behave", "weight": 0}}, {"model": "resume.techbullet", "pk": 21, "fields": {"bullet": "Selenium", "tech": 7, "slug": "7-selenium", "weight": 0}}, {"model": "resume.link", "pk": 1, "fields": {"link": "https://github.com/john-moore-levesque", "name": "GitHub", "slug": "github-httpsgithubcomjohn-moore-levesque", "weight": 0}}, {"model": "resume.link", "pk": 2, "fields": {"link": "https://linkedin.com/in/john-moore-levesque", "name": "LinkedIn", "slug": "linkedin-wwwlinkedincominjohn-moore-levesque", "weight": 0}}, {"model": "resume.certifications", "pk": 1, "fields": {"cert": "AWS Certified Solutions Architect – Associate", "link": "https://www.credly.com/badges/09ece973-9266-408c-b3c0-a61eefb434f8/public_url", "badge": "images/aws.png", "slug": "typecertification-levelintermediate-additional-details-aws-certified-solutions-architect-associate-httpswwwcredlycombadges09ece973-9266-408c-b3c0-a61eefb434f8public_url"}}]